ID,First Name,Last Name,Job Title,Employment Type,Department
dfgsjsjdh,123445 34,444444,,,
0295,99N75 425,5TlV,,,
0312,A8DCo 4Ys,010Z,,,
0375,Abdul Muyeez,Moulana,,,
01715,Amelia,Brown,,,
138,aniket Ashok,patil,,,
0360,aniket t,t,,,
0367,Ash J,Tyson,,,
0303,bala kumar,ravi,,,
0292,bmrtahvwhibmrtahvwhi,hbfqkhjfqbhbfqkhjfqb,,,
0374,Bryan Tetsadong Marceau,Mbeumo,,,
0320,Charles,Carter,,,
00392,Charlotte,Smith,,,
0363,Christopher,Mcmillan,,,
0376,David Stepin,Hamilton,,,
0381,David Stepin,Hamilton,,,
0290,dhbrukkuzldhbrukkuzl,ibuvlwtfsfibuvlwtfsf,,,
0294,DHINA KARAN,P,,,
09557,Emily,Jones,,,
,firstName256 middleName916,lastName536,Software Engineer,,
0378,firstName710 middleName424,lastName598,Automaton Tester,Full-Time Permanent,Engineering
0372,firstName958 middleName727,lastName531,Automaton Tester,Full-Time Permanent,Engineering
1235,FName Mname,LName,,,
ATPValue,ftdkux,ltsxgy,,,
ATPValue,fthnvn,ltwrrt,,,
ATPValue,fthnvn,ltwrrt,,,
ATPValue,fthyfv,ltrhtm,,,
ATPValue,ftioiu,ltpugr,,,
ATPValue,ftioiu,ltpugr,,,
ATPValue,ftioiu,ltpugr,,,
ATPValue,ftioiu,ltpugr,,,
ATPValue,ftndlm,ltdyyf,,,
ATPValue,ftpjte,ltpzkj,,,
ATPValue,ftyseo,ltzbbp,,,
ATPValue,ftyseo,ltzbbp,,,
ATPValue,ftyseo,ltzbbp,,,
ATPValue,ftyseo,ltzbbp,,,
ATPValue,ftyseo,ltzbbp,,,
ATPValue,ftyseo,ltzbbp,,,
0315hh,hh,hh,,,
0365,James,Butler,,,
03821,Janesh,Test,,,
0367010,Jobin Mathew,Sam,,,
0384,Joe,Doe,,,
0380,John,Doe,,,
0303,joker john,selvam,,,
0385,Joko Cahaya,2578,,,
0361,Joseph,Evans,,,
0322,Joy,Smith,,,
0335,Joy,Smith,,,
